"yr","mon","Tavg"
1981,1,5.19032258064516
1981,2,4.83607142857143
1981,3,7.8991935483871
1981,4,7.88466666666667
1981,5,9.53467741935484
1981,6,17.1808333333333
1981,7,18.0993548387097
1981,8,19.2412903225806
1981,9,15.5733333333333
1981,10,10.9632258064516
1981,11,10.3981666666667
1981,12,6.35532258064516
1982,1,6.74564516129032
1982,2,6.17642857142857
1982,3,7.38354838709677
1982,4,10.5428333333333
1982,5,11.5445161290323
1982,6,14.2756666666667
1982,7,16.6282258064516
1982,8,18.2325806451613
1982,9,16.4426666666667
1982,10,10.483064516129
1982,11,7.39733333333333
1982,12,4.87112903225806
1983,1,4.93838709677419
1983,2,3.96857142857143
1983,3,8.86548387096774
1983,4,6.7355
1983,5,8.33129032258065
1983,6,16.5091666666667
1983,7,16.7591935483871
1983,8,16.6548387096774
1983,9,16.9353333333333
1983,10,12.3227419354839
1983,11,10.2255
1983,12,6.45193548387097
1984,1,4.4858064516129
1984,2,4.59327586206897
1984,3,5.13225806451613
1984,4,12.0833333333333
1984,5,7.61064516129032
1984,6,15.4035
1984,7,17.3745161290323
1984,8,17.1770967741935
1984,9,15.0216666666667
1984,10,11.8322580645161
1984,11,7.54633333333333
1984,12,5.59903225806452
1985,1,2.76854838709677
1985,2,6.72339285714286
1985,3,5.67
1985,4,9.41683333333333
1985,5,10.1116129032258
1985,6,14.6291666666667
1985,7,18.2717741935484
1985,8,16.4588709677419
1985,9,19.269
1985,10,13.471935483871
1985,11,6.46633333333333
1985,12,5.84209677419355
1986,1,3.87758064516129
1986,2,4.29517857142857
1986,3,6.42467741935484
1986,4,5.17316666666667
1986,5,11.8990322580645
1986,6,14.7445
1986,7,19.1046774193548
1986,8,15.6167741935484
1986,9,15.9525
1986,10,13.1475806451613
1986,11,7.52233333333333
1986,12,5.24854838709677
1987,1,4.48048387096774
1987,2,5.32696428571429
1987,3,8.13274193548387
1987,4,9.6495
1987,5,12.2308064516129
1987,6,14.8988333333333
1987,7,18.5683870967742
1987,8,19.208064516129
1987,9,18.5566666666667
1987,10,9.29887096774194
1987,11,7.75733333333333
1987,12,7.14032258064516
1988,1,5.61548387096774
1988,2,5.35862068965517
1988,3,7.19983870967742
1988,4,8.0255
1988,5,10.5696774193548
1988,6,14.4028333333333
1988,7,16.1493548387097
1988,8,17.2790322580645
1988,9,16.882
1988,10,11.9912903225806
1988,11,9.17533333333333
1988,12,4.78548387096774
1989,1,4.29758064516129
1989,2,6.47964285714286
1989,3,8.41596774193548
1989,4,6.53983333333333
1989,5,14.4116129032258
1989,6,15.9883333333333
1989,7,20.8858064516129
1989,8,18.7393548387097
1989,9,15.4091666666667
1989,10,13.8967741935484
1989,11,8.21933333333333
1989,12,8.15258064516129
1990,1,3.90806451612903
1990,2,8.08553571428572
1990,3,9.01967741935484
1990,4,7.648
1990,5,13.9309677419355
1990,6,14.9313333333333
1990,7,20.1590322580645
1990,8,19.6403225806452
1990,9,17.1321666666667
1990,10,10.9051612903226
1990,11,6.6635
1990,12,3.73677419354839
1991,1,4.10387096774194
1991,2,3.65892857142857
1991,3,6.985
1991,4,8.20783333333333
1991,5,12.9153225806452
1991,6,15.049
1991,7,18.3433870967742
1991,8,19.8922580645161
1991,9,16.3763333333333
1991,10,9.41725806451613
1991,11,7.0855
1991,12,5.60435483870968
1992,1,2.8758064516129
1992,2,6.00034482758621
1992,3,8.01435483870968
1992,4,9.21666666666667
1992,5,13.4248387096774
1992,6,12.6143333333333
1992,7,18.4325806451613
1992,8,17.1372580645161
1992,9,14.0696666666667
1992,10,9.14209677419355
1992,11,9.17716666666667
1992,12,5.32677419354839
1993,1,5.33370967741936
1993,2,5.77589285714286
1993,3,7.2908064516129
1993,4,7.36983333333333
1993,5,10.0401612903226
1993,6,15.5153333333333
1993,7,17.6943548387097
1993,8,17.8924193548387
1993,9,12.4661666666667
1993,10,8.545
1993,11,6.34966666666667
1993,12,6.25112903225806
1994,1,4.95177419354839
1994,2,4.57732142857143
1994,3,9.88967741935484
1994,4,7.9815
1994,5,10.5551612903226
1994,6,16.1498333333333
1994,7,18.2172580645161
1994,8,17.5274193548387
1994,9,12.9993333333333
1994,10,11.8988709677419
1994,11,8.98216666666667
1994,12,6.71838709677419
1995,1,5.51016129032258
1995,2,6.49571428571429
1995,3,8.26048387096774
1995,4,10.902
1995,5,13.1141935483871
1995,6,16.1845
1995,7,18.1922580645161
1995,8,19.3232258064516
1995,9,13.5843333333333
1995,10,13.9687096774194
1995,11,9.14616666666667
1995,12,6.67451612903226
1996,1,5.675
1996,2,4.16862068965517
1996,3,7.09241935483871
1996,4,10.0716666666667
1996,5,11.1611290322581
1996,6,18.0681666666667
1996,7,19.2438709677419
1996,8,17.2814516129032
1996,9,14.3221666666667
1996,10,11.8070967741935
1996,11,7.32183333333333
1996,12,5.50935483870968
1997,1,4.6608064516129
1997,2,7.70660714285714
1997,3,12.4677419354839
1997,4,12.9616666666667
1997,5,12.0308064516129
1997,6,13.0185
1997,7,18.1337096774194
1997,8,18.2467741935484
1997,9,17.4911666666667
1997,10,14.0198387096774
1997,11,8.53116666666667
1997,12,6.00774193548387
1998,1,6.3658064516129
1998,2,8.5225
1998,3,10.198064516129
1998,4,6.95916666666667
1998,5,12.3467741935484
1998,6,15.3316666666667
1998,7,18.2691935483871
1998,8,21.0691935483871
1998,9,15.3576666666667
1998,10,11.5540322580645
1998,11,8.12883333333333
1998,12,4.86516129032258
1999,1,5.70064516129032
1999,2,5.13446428571429
1999,3,7.43774193548387
1999,4,9.58216666666667
1999,5,12.711935483871
1999,6,15.7663333333333
1999,7,19.3035483870968
1999,8,17.2927419354839
1999,9,14.6725
1999,10,11.0953225806452
1999,11,6.21766666666667
1999,12,5.32838709677419
2000,1,2.94322580645161
2000,2,7.9701724137931
2000,3,9.0891935483871
2000,4,6.73583333333333
2000,5,12.8503225806452
2000,6,17.1443333333333
2000,7,17.3593548387097
2000,8,17.6946774193548
2000,9,15.677
2000,10,10.9182258064516
2000,11,6.49216666666667
2000,12,6.7891935483871
2001,1,5.76467741935484
2001,2,6.63464285714286
2001,3,8.29887096774194
2001,4,9.27216666666667
2001,5,12.8725806451613
2001,6,16.7316666666667
2001,7,16.9395161290323
2001,8,18.0270967741935
2001,9,15.8981666666667
2001,10,12.5398387096774
2001,11,6.081
2001,12,2.64354838709677
2002,1,6.03241935483871
2002,2,6.7125
2002,3,8.84290322580645
2002,4,9.67783333333333
2002,5,10.5785483870968
2002,6,15.4418333333333
2002,7,17.0998387096774
2002,8,17.3172580645161
2002,9,15.1585
2002,10,11.6745161290323
2002,11,7.815
2002,12,7.34225806451613
2003,1,4.79387096774194
2003,2,5.09607142857143
2003,3,9.44354838709677
2003,4,9.67533333333333
2003,5,13.3612903225806
2003,6,17.4325
2003,7,17.2175806451613
2003,8,21.4508064516129
2003,9,18.0985
2003,10,10.9183870967742
2003,11,9.031
2003,12,5.79967741935484
2004,1,6.3241935483871
2004,2,6.0548275862069
2004,3,6.88612903225806
2004,4,9.284
2004,5,12.4403225806452
2004,6,19.2001666666667
2004,7,18.2093548387097
2004,8,16.9887096774194
2004,9,16.5128333333333
2004,10,11.2614516129032
2004,11,6.32416666666667
2004,12,4.26645161290323
2005,1,3.91596774193548
2005,2,3.47321428571429
2005,3,8.28983870967742
2005,4,9.949
2005,5,12.7072580645161
2005,6,18.4031666666667
2005,7,18.7825806451613
2005,8,19.6296774193548
2005,9,15.9198333333333
2005,10,12.9574193548387
2005,11,7.189
2005,12,5.26161290322581
2006,1,4.80645161290323
2006,2,5.77446428571429
2006,3,8.98790322580645
2006,4,11.9585
2006,5,14.6383870967742
2006,6,18.2513333333333
2006,7,20.6912903225806
2006,8,19.1001612903226
2006,9,17.6028333333333
2006,10,13.9896774193548
2006,11,10.618
2006,12,6.2858064516129
2007,1,6.415
2007,2,7.21
2007,3,8.63064516129032
2007,4,12.067
2007,5,13.1996774193548
2007,6,15.1241666666667
2007,7,17.3659677419355
2007,8,18.1061290322581
2007,9,17.5035
2007,10,13.6283870967742
2007,11,8.46133333333333
2007,12,5.82064516129032
2008,1,7.21193548387097
2008,2,9.49896551724138
2008,3,8.26258064516129
2008,4,10.9381666666667
2008,5,12.3708064516129
2008,6,16.8408333333333
2008,7,17.8195161290323
2008,8,18.111935483871
2008,9,15.6816666666667
2008,10,12.0966129032258
2008,11,7.00083333333333
2008,12,6.09741935483871
2009,1,5.22741935483871
2009,2,7.17482142857143
2009,3,10.638064516129
2009,4,9.06716666666667
2009,5,14.1885483870968
2009,6,17.546
2009,7,17.7751612903226
2009,8,20.0577419354839
2009,9,18.4708333333333
2009,10,15.4796774193548
2009,11,9.944
2009,12,6.52693548387097
2010,1,6.1808064516129
2010,2,6.50607142857143
2010,3,8.36354838709677
2010,4,12.596
2010,5,13.6608064516129
2010,6,17.3868333333333
2010,7,20.7512903225806
2010,8,21.3622580645161
2010,9,17.9813333333333
2010,10,12.8688709677419
2010,11,8.16616666666667
2010,12,6.25225806451613
2011,1,7.1908064516129
2011,2,7.83875
2011,3,9.5791935483871
2011,4,15.7775
2011,5,16.6395161290323
2011,6,17.1145
2011,7,18.1922580645161
2011,8,19.4420967741935
2011,9,18.6173333333333
2011,10,15.9774193548387
2011,11,9.90583333333333
2011,12,6.96548387096774
2012,1,6.25693548387097
2012,2,6.62051724137931
2012,3,12.2304838709677
2012,4,8.90916666666667
2012,5,14.7233870967742
2012,6,16.4781666666667
2012,7,18.3911290322581
2012,8,18.7993548387097
2012,9,18.4963333333333
2012,10,12.7111290322581
2012,11,8.13083333333333
2012,12,7.59983870967742
2013,1,7.35467741935484
2013,2,6.44678571428571
2013,3,8.5208064516129
2013,4,10.6886666666667
2013,5,11.6532258064516
2013,6,16.4668333333333
2013,7,21.8888709677419
2013,8,21.0409677419355
2013,9,19.4661666666667
2013,10,14.5122580645161
2013,11,8.26566666666667
2013,12,6.23403225806452
2014,1,7.35338709677419
2014,2,6.46535714285714
2014,3,9.80564516129032
2014,4,12.7901666666667
2014,5,13.8487096774194
2014,6,17.1088333333333
2014,7,19.3751612903226
2014,8,18.4577419354839
2014,9,18.5526666666667
2014,10,16.4893548387097
2014,11,9.54466666666667
2014,12,6.22661290322581
2015,1,5.66548387096774
2015,2,5.32392857142857
2015,3,9.73693548387097
2015,4,12.8333333333333
2015,5,15.4798387096774
2015,6,19.4313333333333
2015,7,20.586935483871
2015,8,19.1474193548387
2015,9,16.4185
2015,10,13.6790322580645
2015,11,11.1241666666667
2015,12,9.21774193548387
2016,1,7.71435483870968
2016,2,6.75896551724138
2016,3,7.53177419354839
2016,4,9.91566666666667
2016,5,12.9985483870968
2016,6,17.2846666666667
2016,7,21.736935483871
2016,8,21.4266129032258
2016,9,18.3623333333333
2016,10,14.5745161290323
2016,11,8.47283333333333
2016,12,7.63693548387097
2017,1,5.60306451612903
2017,2,8.42410714285714
2017,3,9.90338709677419
2017,4,13.6936666666667
2017,5,15.933064516129
2017,6,19.3256666666667
2017,7,20.0464516129032
2017,8,20.221935483871
2017,9,16.4255
2017,10,16.7946774193548
2017,11,9.20916666666667
2017,12,6.36048387096774
2018,1,6.67564516129032
2018,2,5.35642857142857
2018,3,6.26854838709677
2018,4,10.95
2018,5,13.915
2018,6,17.047
2018,7,19.1166129032258
2018,8,21.8262903225806
2018,9,20.6566666666667
2018,10,13.5703225806452
2018,11,8.85933333333333
2018,12,8.5091935483871
2019,1,5.87258064516129
2019,2,8.78714285714286
2019,3,9.98322580645161
2019,4,10.1276666666667
2019,5,14.6941935483871
2019,6,13.7348333333333
2019,7,18.8891935483871
2019,8,18.2783870967742
2019,9,16.8146666666667
2019,10,12.3570967741935
2019,11,7.29383333333333
2019,12,6.615
2020,1,6.58209677419355
2020,2,8.92051724137931
2020,3,8.38693548387097
2020,4,10.1825
2020,5,16.8470967741935
2020,6,15.9758333333333
2020,7,22.3175806451613
2020,8,19.2837096774194
2020,9,18.2973333333333
2020,10,11.9122580645161
2020,11,10.6473333333333
2020,12,6.17451612903226
